Designator,Mid X,Mid Y,Rotation,Layer
11,64.955,-67.62,0.0,top
21,163.475,-77.625,90.0,top
31,-11.575,-76.875,90.0,top
A1,178.605,-55.48,180.0,bottom
A2,6.855,-13.425,0.0,bottom
A3,109.57,-13.91,0.0,top
A4,-69.895,-56.85,180.0,top
C1,148.51,-20.11,180.0,bottom
C10,63.33,-25.19,180.0,bottom
C11,99.1,-5.58,90.0,bottom
C12,178.355,-32.34,0.0,bottom
C13,-51.845,-49.34,90.0,bottom
C14,146.73,-31.54,90.0,bottom
C15,-59.62,-64.39,270.0,bottom
C16,-57.57,-49.9775,90.0,bottom
C17,177.405,-26.79,0.0,bottom
C2,-10.245,-13.0025,90.0,bottom
C3,-4.545,-11.79,90.0,bottom
C4,12.94,-54.66,270.0,bottom
C5,106.07,-30.08,0.0,bottom
C6,24.48,-31.565,90.0,bottom
C7,168.455,-62.94,270.0,bottom
C8,18.38,-28.14,180.0,bottom
C9,105.9,-37.99,0.0,bottom
D1,-15.29,-4.64,0.0,bottom
D10,-62.62,-71.54,90.0,top
D11,123.93,-61.54,90.0,top
D12,110.48,-42.24,90.0,top
D13,130.755,-20.465,90.0,top
D14,74.045,-53.24,0.0,top
D15,160.655,-20.09,90.0,top
D16,180.28,-42.615,90.0,top
D17,166.955,-62.075,90.0,top
D18,145.03,-89.465,90.0,top
D19,132.055,-89.64,90.0,top
D2,145.18,-31.89,90.0,top
D20,167.48,-47.64,90.0,top
D21,-29.92,-58.44,0.0,top
D22,31.505,-12.69,90.0,top
D23,159.255,-35.69,90.0,top
D24,75.63,-13.29,90.0,top
D25,85.105,-13.19,90.0,top
D26,41.33,-41.19,0.0,top
D27,145.505,-58.89,0.0,top
D28,-29.85,-47.12,0.0,top
D29,-7.645,-61.265,90.0,top
D3,-16.645,-88.89,90.0,top
D30,-42.845,-88.84,90.0,top
D31,44.13,-2.94,90.0,top
D32,74.68,-41.44,0.0,top
D33,89.53,-2.915,90.0,top
D34,158.58,-89.34,90.0,top
D35,145.505,-49.765,0.0,top
D36,112.38,-72.29,90.0,top
D37,178.43,-72.215,90.0,top
D38,-15.82,-34.99,90.0,top
D39,3.23,-71.59,90.0,top
D4,-29.87,-88.84,90.0,top
D40,52.33,-53.215,0.0,top
D41,40.155,-12.665,90.0,top
D42,63.545,-53.34,0.0,top
D43,-14.47,-19.615,90.0,top
D44,-51.295,-61.14,90.0,top
D45,26.38,-2.79,90.0,top
D46,52.12,-41.265,0.0,top
D47,71.605,-2.915,90.0,top
D48,63.905,-41.04,0.0,top
D49,-27.145,-30.09,90.0,top
D5,131.73,-35.54,90.0,top
D50,8.88,1.01,90.0,top
D51,-31.56,-30.11,90.0,top
D52,4.4,1.01,90.0,top
D53,-53.795,-46.915,90.0,top
D54,-40.92,-34.69,90.0,top
D55,-49.48,-46.59,90.0,top
D56,-45.49,-34.675,90.0,top
D58,60.255,-22.04,90.0,top
D59,111.73,0.55,90.0,top
D6,5.305,-42.45,90.0,top
D60,56.23,-22.1,90.0,top
D61,107.62,0.47,90.0,top
D62,43.42,-53.69,90.0,top
D63,40.03,-53.74,270.0,top
D7,-44.195,-19.34,90.0,top
D8,123.73,-47.665,90.0,top
D9,-64.545,-41.79,90.0,top
J1,-28.52,-7.765,180.0,bottom
M1,58.99,4.33,180.0,top
M2,57.27,-32.01,0.0,top
Q1,27.58,-48.415,90.0,bottom
Q2,37.03,-60.14,270.0,top
R1,154.855,-19.69,90.0,bottom
R10,-45.095,-14.39,0.0,top
R11,118.03,-47.605,90.0,top
R12,-65.4825,-36.29,0.0,top
R13,-58.295,-70.54,180.0,top
R14,116.055,-60.54,0.0,top
R15,104.855,-41.24,0.0,top
R16,129.855,-14.265,0.0,top
R17,74.105,-48.415,0.0,top
R18,156.255,-19.365,0.0,top
R19,176.205,-41.615,0.0,top
R2,152.605,-19.69,90.0,bottom
R20,163.5,-61.06,0.0,top
R21,144.13,-84.14,0.0,top
R22,131.155,-84.165,0.0,top
R23,168.38,-43.565,180.0,top
R24,-27.97,-62.29,180.0,top
R25,25.98,-11.715,0.0,top
R26,155.73,-34.69,0.0,top
R27,70.13,-12.315,0.0,top
R28,90.305,-12.115,180.0,top
R29,41.38,-36.59,0.0,top
R3,28.555,-43.64,270.0,bottom
R30,145.58,-63.115,0.0,top
R31,-27.98,-43.72,180.0,top
R32,-12.17,-60.265,0.0,top
R33,-43.745,-82.315,0.0,top
R34,43.2175,3.56,0.0,top
R35,74.755,-37.465,0.0,top
R36,88.63,2.11,0.0,top
R37,157.68,-84.34,0.0,top
R38,145.605,-43.965,0.0,top
R39,113.28,-66.49,180.0,top
R4,23.605,-48.39,270.0,bottom
R40,177.455,-67.14,0.0,top
R41,-16.67,-28.565,0.0,top
R42,2.205,-66.315,0.0,top
R43,52.405,-49.14,0.0,top
R44,44.83,-11.665,180.0,top
R45,63.57,-49.015,0.0,top
R46,-20.095,-18.69,0.0,top
R47,-47.14,-60.02,180.0,top
R48,25.505,1.935,0.0,top
R49,52.205,-37.34,0.0,top
R5,144.205,-27.14,0.0,top
R50,70.68,2.66,0.0,top
R51,63.93,-36.565,0.0,top
R52,-26.22,-25.465,180.0,top
R53,9.805,5.835,180.0,top
R54,-32.47,-25.415,0.0,top
R55,3.53,5.735,0.0,top
R56,41.86,-60.28,180.0,top
R57,-54.77,-41.99,0.0,top
R58,-40.045,-29.565,180.0,top
R59,50.99,-63.55,0.0,top
R6,-17.545,-82.265,0.0,top
R60,-48.545,-41.99,180.0,top
R62,-46.3825,-29.59,0.0,top
R63,59.33,-17.105,0.0,top
R64,42.92,-49.18,270.0,top
R65,117.83,1.56,180.0,top
R66,55.305,-17.215,0.0,top
R67,102.43,1.535,0.0,top
R68,36.05,-53.48,270.0,top
R7,-30.745,-82.34,0.0,top
R8,126.005,-35.54,90.0,top
R9,4.38,-36.615,0.0,top
SW1,59.755,-57.785,0.0,top
SW2,-30.895,-110.735,180.0,top
U1,144.1872,-7.7056,90.0,bottom
U2,79.145,-78.69,270.0,bottom
U3,145.555,-89.615,180.0,top
U4,154.63,-30.92,270.0,bottom
U5,4.525,-55.165,90.0,bottom
U6,62.88,-33.215,0.0,bottom
U7,98.775,-56.305,270.0,bottom
